Type,Name,Request Count,Failure Count,Median Response Time,Average Response Time,Min Response Time,Max Response Time,Average Content Size,Requests/s,Failures/s,50%,66%,75%,80%,90%,95%,98%,99%,99.9%,99.99%,100%
grpc,AddTerm,7,0,7,5.972794124058315,2.4819374084472656,11.133909225463867,0.0,0.12086908892781356,0.0,7,7,8,8,11,11,11,11,11,11,11
grpc,DeleteTerm,1,0,8.263349533081055,8.263349533081055,8.263349533081055,8.263349533081055,0.0,0.017267012703973367,0.0,8,8,8,8,8,8,8,8,8,8,8
grpc,GetAllTerms,82,0,7,6.977127819526486,1.148223876953125,48.68888854980469,0.0,1.415895041725816,0.0,7,7,7,7,8,9,47,49,49,49,49
grpc,GetGraph,38,0,7,5.75008517817447,1.9087791442871094,8.011579513549805,0.0,0.6561464827509879,0.0,7,7,7,7,7,8,8,8,8,8,8
grpc,GetTermByName,58,0,7,6.004769226600384,1.741170883178711,38.27166557312012,0.0,1.0014867368304552,0.0,7,7,7,7,7,7,7,38,38,38,38
grpc,UpdateTerm,4,0,8,7.463514804840088,6.731510162353516,8.010387420654297,0.0,0.06906805081589347,0.0,8,8,8,8,8,8,8,8,8,8,8
,Aggregated,190,0,7,6.414901582818282,1.148223876953125,48.68888854980469,0.0,3.2807324137549396,0.0,7,7,7,7,8,8,38,47,49,49,49
