Type,Name,Request Count,Failure Count,Median Response Time,Average Response Time,Min Response Time,Max Response Time,Average Content Size,Requests/s,Failures/s,50%,66%,75%,80%,90%,95%,98%,99%,99.9%,99.99%,100%
grpc,AddTerm,260,0,5,5.3200776760394755,1.6324520111083984,21.291732788085938,0.0,0.8684280855209671,0.0,6,7,7,7,8,8,8,10,21,21,21
grpc,DeleteTerm,39,0,8,7.345804801354041,2.2513866424560547,47.35279083251953,0.0,0.13026421282814504,0.0,8,8,9,9,9,10,47,47,47,47,47
grpc,GetAllTerms,1665,0,5,5.606244777415966,1.1882781982421875,58.988332748413086,0.0,5.561279855355424,0.0,5,7,7,8,8,8,9,23,48,59,59
grpc,GetGraph,1127,0,5,5.445289315644258,1.3897418975830078,47.2867488861084,0.0,3.7643017399312684,0.0,5,7,7,8,8,8,8,9,47,47,47
grpc,GetTermByName,1652,56,4,4.849399694807593,1.1496543884277344,47.40333557128906,0.0,5.517858451079375,0.18704604918913137,4,6,7,7,7,7,8,8,46,47,47
grpc,UpdateTerm,165,0,5,5.361847444014116,1.5349388122558594,43.111324310302734,0.0,0.5511178235036907,0.0,5,7,7,7,8,8,9,10,43,43,43
,Aggregated,4908,56,5,5.304983357831338,1.1496543884277344,58.988332748413086,0.0,16.39325016821887,0.18704604918913137,5,7,7,7,8,8,9,10,47,59,59
