Type,Name,Request Count,Failure Count,Median Response Time,Average Response Time,Min Response Time,Max Response Time,Average Content Size,Requests/s,Failures/s,50%,66%,75%,80%,90%,95%,98%,99%,99.9%,99.99%,100%
grpc,AddTerm,1628,0,4,4.973052467702355,1.5294551849365234,46.21458053588867,0.0,0.9050915737407546,0.0,4,6,7,7,8,8,8,8,45,46,46
grpc,DeleteTerm,311,0,14,15.134668043572036,5.325555801391602,55.15241622924805,0.0,0.1729014001433505,0.0,14,18,21,22,24,26,28,28,55,55,55
grpc,GetAllTerms,9898,0,11,11.73029607848751,3.3643245697021484,58.483123779296875,0.0,5.502823339610558,0.0,11,14,16,17,19,20,21,22,54,58,58
grpc,GetGraph,6708,0,10,11.076338744689542,3.3631324768066406,57.44600296020508,0.0,3.7293330937671874,0.0,10,14,15,16,18,19,20,20,47,57,57
grpc,GetTermByName,9987,2,4,4.564309915145548,1.150369644165039,48.423051834106445,0.0,5.552303161516533,0.0011119061102466271,4,6,7,7,7,7,7,8,44,48,48
grpc,UpdateTerm,1294,0,4,4.9224412054330156,1.5692710876464844,45.232295989990234,0.0,0.7194032533295678,0.0,4,6,7,7,8,8,8,9,44,45,45
,Aggregated,29826,2,7,8.555051435177566,1.150369644165039,58.483123779296875,0.0,16.58185582210795,0.0011119061102466271,7,9,12,14,17,19,20,21,47,58,58
