Type,Name,Request Count,Failure Count,Median Response Time,Average Response Time,Min Response Time,Max Response Time,Average Content Size,Requests/s,Failures/s,50%,66%,75%,80%,90%,95%,98%,99%,99.9%,99.99%,100%
grpc,AddTerm,2222,0,3,3.4312324197736546,1.2295246124267578,48.883914947509766,0.0,3.711998244498327,0.0,3,3,4,4,6,7,8,8,33,49,49
grpc,DeleteTerm,345,0,6,6.751150324724723,2.2513866424560547,21.071434020996094,0.0,0.5763453619945647,0.0,6,7,8,9,11,13,17,19,21,21,21
grpc,GetAllTerms,13393,0,4,5.242093205941513,1.3234615325927734,57.72900581359863,0.0,22.373894009255668,0.0,4,5,6,7,9,11,13,15,45,51,58
grpc,GetGraph,8685,0,4,5.218252699198088,1.2962818145751953,53.43008041381836,0.0,14.508868025863173,0.0,4,5,6,7,9,11,12,13,43,53,53
grpc,GetTermByName,13162,181,3,3.180305259674448,1.0669231414794922,48.375606536865234,0.0,21.987993201659307,0.30237249426381513,3,3,4,4,5,7,7,7,44,46,48
grpc,UpdateTerm,1496,0,3,3.372571685097434,1.3165473937988281,44.16513442993164,0.0,2.4991671349097646,0.0,3,3,4,4,6,7,8,8,44,44,44
,Aggregated,39303,181,4,4.386071530601176,1.0669231414794922,57.72900581359863,0.0,65.65826597818081,0.30237249426381513,4,5,5,6,7,9,12,13,44,51,58
